{
    "best_params": {
        "max_depth": 10,
        "min_samples_split": 10,
        "n_estimators": 200
    },
    "accuracy": 0.8333333333333334,
    "classification_report": {
        "0": {
            "precision": 0.8461538461538461,
            "recall": 1.0,
            "f1-score": 0.9166666666666666,
            "support": 11.0
        },
        "1": {
            "precision": 1.0,
            "recall": 0.95,
            "f1-score": 0.9743589743589743,
            "support": 20.0
        },
        "2": {
            "precision": 0.7058823529411765,
            "recall": 0.8,
            "f1-score": 0.75,
            "support": 15.0
        },
        "3": {
            "precision": 0.7272727272727273,
            "recall": 0.5714285714285714,
            "f1-score": 0.64,
            "support": 14.0
        },
        "accuracy": 0.8333333333333334,
        "macro avg": {
            "precision": 0.8198272315919375,
            "recall": 0.8303571428571428,
            "f1-score": 0.8202564102564103,
            "support": 60.0
        },
        "weighted avg": {
            "precision": 0.8346290963938023,
            "recall": 0.8333333333333334,
            "f1-score": 0.8296752136752137,
            "support": 60.0
        }
    },
    "confusion_matrix": [
        [
            11,
            0,
            0,
            0
        ],
        [
            0,
            19,
            1,
            0
        ],
        [
            0,
            0,
            12,
            3
        ],
        [
            2,
            0,
            4,
            8
        ]
    ]
}