{
    "best_params": {
        "max_depth": 10,
        "min_samples_split": 10,
        "n_estimators": 200
    },
    "accuracy": 0.9333333333333333,
    "classification_report": {
        "0": {
            "precision": 1.0,
            "recall": 1.0,
            "f1-score": 1.0,
            "support": 11.0
        },
        "1": {
            "precision": 1.0,
            "recall": 0.85,
            "f1-score": 0.918918918918919,
            "support": 20.0
        },
        "2": {
            "precision": 0.8235294117647058,
            "recall": 0.9333333333333333,
            "f1-score": 0.875,
            "support": 15.0
        },
        "3": {
            "precision": 0.9333333333333333,
            "recall": 1.0,
            "f1-score": 0.9655172413793104,
            "support": 14.0
        },
        "accuracy": 0.9333333333333333,
        "macro avg": {
            "precision": 0.9392156862745098,
            "recall": 0.9458333333333333,
            "f1-score": 0.9398590400745573,
            "support": 60.0
        },
        "weighted avg": {
            "precision": 0.940326797385621,
            "recall": 0.9333333333333333,
            "f1-score": 0.9336769959614787,
            "support": 60.0
        }
    },
    "confusion_matrix": [
        [
            11,
            0,
            0,
            0
        ],
        [
            0,
            17,
            3,
            0
        ],
        [
            0,
            0,
            14,
            1
        ],
        [
            0,
            0,
            0,
            14
        ]
    ]
}